file_name,image_path,gemini_guess,your_guess,user_description,similarity_gemini_vs_your_guess,similarity_gemini_vs_user_description,taxonomy_gemini_main,taxonomy_gemini_ingredients,taxonomy_gemini_categories,usda_main_gemini,usda_sub_gemini,usda_main_manual,usda_sub_manual,usda_main_agreement,Calories,Protein_g,Fat_g,Carbs_g,ServingSize,ServingUnit,Brand,DataType,Description,FDC_ID,MatchConfidence
image_0.png,/images/image_0.png,"salsa and guacamole, nachos with cheese",Cheese Nachos with guacamole and red sauce,Nachos,0.9525,0.9296,Nachos with salsa and guacamole,"nachos, cheese, salsa, guacamole","snacks, Mexican, dairy, vegetables",Mixed Dishes,Mixed Dishes - Mexican,Mixed Dishes,Mixed Dishes - Mexican,True,290.0,4.84,15.3,33.1,124.0,g,Kraft Heinz Foods Company,Branded,"LUNCHABLES, NACHOS CHEESE DIP & SALSA",1589866.0,69.0
image_1.png,/images/image_1.png,beef noodle soup,Beef Noodle soup ,Beef Soup,0.9906,0.9621,beef noodle soup,"beef, noodles, broth, vegetables (optional), spices (optional)","soup, noodles, protein, meat",Mixed Dishes,Mixed Dishes - Soups,Mixed Dishes,Mixed Dishes - Soups,True,280.0,3.85,2.46,7.16,,,,SR Legacy,"Soup, beef noodle, canned, condensed",171539.0,65.0
image_2.png,/images/image_2.png,coffee with cream,Coffee,Coffee Creamer Milk Sugar,0.9271,0.9335,coffee with cream,"coffee, cream","beverages, dairy",Beverages,Coffee and Tea,Beverages,Coffee and Tea,True,350.0,6.15,34.4,5.52,,,,SR Legacy,"Cheese, cream",173418.0,62.0
image_3.png,/images/image_3.png,Magnum ice cream,Magnum Ice Cream,Ice Cream Bar,0.9979,0.9096,Magnum ice cream,"ice cream, chocolate, dairy, sugar, stabilizers, emulsifiers","dessert, dairy, frozen dessert",Snacks and Sweets,Other Desserts,Snacks and Sweets,Other Desserts,True,990.0,4.29,8.57,37.1,,,,SR Legacy,Ice cream sandwich,172226.0,71.0
image_4.png,/images/image_4.png,Starbucks drink,Coffee,Coffee With Sugar,0.9049,0.8734,Starbucks drink,,beverage,Beverages,Sweetened Beverages,Beverages,Coffee and Tea,True,71.0,2.19,1.09,12.9,411.0,ml,STARBUCKS,Branded,"STARBUCKS, FRAPPUCCINO, CHILLED COFFEE DRINK",540579.0,53.0
image_5.png,/images/image_5.png,cantaloupe slices,Cantaloupe Slice,Cantaloupe,0.973,0.9387,cantaloupe slices,cantaloupe,fruit,Fruit,Fruits,Fruit,Fruits,True,37.0,0.75,0.0,8.96,134.0,g,Legend Produce L.L.C.,Branded,CANTALOUPE,1568209.0,74.0
image_6.png,/images/image_6.png,lamb chop,Lamb ,Lamb,0.9454,0.9502,lamb chop,lamb,protein,Protein Foods,Meats,Protein Foods,Meats,True,1000.0,16.1,18.8,0.26,,,,SR Legacy,"Ham, chopped, canned",171626.0,52.0
image_7.png,/images/image_7.png,red wine, Red Wine,Red Wine,0.9885,0.9937,Red Wine,"Grapes, Yeast, Sulfites (optional)","Beverage, Alcohol",Alcoholic Beverages,Alcoholic Beverages,Alcoholic Beverages,Alcoholic Beverages,True,79.0,0.04,0.0,0.27,,,,SR Legacy,"Vinegar, red wine",172240.0,67.0
image_8.png,/images/image_8.png,fruit bowl,"Grapes ,Berries",Fruits,0.8662,0.9167,fruit bowl,fruit,fruit,Fruit,Fruits,Fruit,Fruits,True,350.0,0.0,0.0,92.5,40.0,g,Jelly Belly Candy Company,Branded,FRUIT BOWL,2116497.0,100.0
image_9.png,/images/image_9.png,caprese salad,Tomatoes Cheese Basil,Tomatoes Cheese Basil Olive Oil,0.911,0.905,caprese salad,"tomatoes, mozzarella, basil, olive oil, balsamic glaze (optional), salt, pepper","salad, appetizer, vegetable, dairy",Mixed Dishes,Mixed Dishes - Bean/Vegetable-based,Mixed Dishes,Mixed Dishes - Bean/Vegetable-based,True,152.0,5.76,10.5,9.42,191.0,g,"Ready Pac Produce, Inc.",Branded,CAPRESE SALAD,1950083.0,100.0
image_10.png,/images/image_10.png,Lean Cuisine four cheese pizza,Four Cheese Pizza,Lean Cuisine Pizza,0.9386,0.9566,Lean Cuisine four cheese pizza,"Pizza crust, Cheese (four types), Tomato sauce, Seasoning","Pizza, Frozen meal, Dairy, Grains",Mixed Dishes,Mixed Dishes - Pizza,Mixed Dishes,Mixed Dishes - Pizza,True,314.0,15.2,11.0,37.3,118.0,g,Dimensional Advertising Serv.,Branded,"FOUR CHEESE PIZZA, FOUR CHEESE",2486151.0,75.0
image_11.png,/images/image_11.png,coffee with foam,Latte,Coffee Milk,0.9158,0.9175,Coffee,"Coffee, Foam",Beverage,Beverages,Coffee and Tea,Beverages,Coffee and Tea,True,250.0,5.0,10.0,40.0,20.0,GRM,Alamance Foods Inc,Branded,"MOCHA COFFEE FOAM, MOCHA",2502939.0,67.0
image_12.png,/images/image_12.png,watermelon,Watermelon,Watermellon,0.9976,0.9829,watermelon,watermelon,fruit,Fruit,Fruits,Fruit,Fruits,True,31.0,0.78,0.25,7.45,255.10000610351562,g,Kanani Foods Inc.,Branded,WATERMELON,2193119.0,100.0
image_13.png,/images/image_13.png,"Tomato soup mix, Kale crackers",Tomato soup mix and Kale crackers,Prolon Lunch Day3,0.9967,0.8119,Tomato soup,"Tomato, Kale, Crackers","Vegetables, Grains",Mixed Dishes,Mixed Dishes - Soups,Mixed Dishes,Mixed Dishes - Soups,True,389.0,1.64,2.12,17.1,,,,SR Legacy,"Soup, tomato rice, canned, condensed",171557.0,65.0
image_14.png,/images/image_14.png,vegetable bowl,Vegetable Salad with meat,Chicken Veg Avocado,0.8773,0.8402,vegetable bowl,vegetables,vegetables,Mixed Dishes,Mixed Dishes - Bean/Vegetable-based,Mixed Dishes,"Mixed Dishes - Meat, Poultry, Seafood",True,29.0,1.18,0.0,5.88,85.0,g,"Taylor Fresh Foods, Inc.",Branded,VEGETABLE BOWL,2421151.0,100.0
image_15.png,/images/image_15.png,smoothie,Protien Shake,Vega One With Cocoa,0.9168,0.8527,smoothie,,beverage,Beverages,Sweetened Beverages,Beverages,Sweetened Beverages,True,53.0,0.66,0.33,13.8,152.0,g,"Imperial Frozen Foods Co, Inc.",Branded,SMOOTHIE BLEND,2431661.0,73.0
image_16.png,/images/image_16.png,pizza slice,Pizza Slice,Pizza,0.9967,0.9434,pizza slice,"crust, sauce, cheese, toppings (variable)","grain, dairy, vegetable (optional), protein (optional)",Mixed Dishes,Mixed Dishes - Pizza,Mixed Dishes,Mixed Dishes - Pizza,True,507.0,19.6,3.68,2.36,,,,Foundation,"Ham, sliced, restaurant",746952.0,44.0
image_17.png,/images/image_17.png,Stew,Stew,Dinner,1.0,0.8579,Stew,,,Mixed Dishes,"Mixed Dishes - Meat, Poultry, Seafood",Mixed Dishes,"Mixed Dishes - Meat, Poultry, Seafood",True,95.0,6.81,3.47,9.22,,,,SR Legacy,Acorn stew (Apache),168061.0,38.0
image_18.png,/images/image_18.png,"Mashed potatoes with mushrooms, corn, and peas",Mashed potatoes with corn peas and mushrooms,Mashed Pot Corn Peas And Gravy,0.9941,0.9358,Mashed potatoes,"potatoes, mushrooms, corn, peas","vegetables, starch",Mixed Dishes,Mixed Dishes - Bean/Vegetable-based,Mixed Dishes,Mixed Dishes - Bean/Vegetable-based,True,255.0,1.82,25.4,10.9,55.0,g,Erba Food Products Inc,Branded,"MUSHROOM INSTANT MASHED POTATOES, MUSHROOM",2320221.0,68.0
image_19.png,/images/image_19.png,Dulerone candies,Toblerone Chocolate,Chocolate,0.8671,0.8625,Dulerone candies,,"confectionery, sweets",Snacks and Sweets,Candy,Snacks and Sweets,Candy,True,1570.0,0.0,0.05,93.6,,,,SR Legacy,"Candies, jellybeans",167991.0,65.0
image_20.png,/images/image_20.png,brie cheese,Brie Cheese,Brie,0.9959,0.9614,brie cheese,"milk, rennet, salt","dairy, cheese",Milk and Dairy,Cheese,Milk and Dairy,Cheese,True,1400.0,20.8,27.7,0.45,,,,SR Legacy,"Cheese, brie",172177.0,100.0
image_21.png,/images/image_21.png,smoothie,Protien Shake,Protein Shake,0.9168,0.9196,smoothie,,,Beverages,Sweetened Beverages,Beverages,Sweetened Beverages,True,53.0,0.66,0.33,13.8,152.0,g,"Imperial Frozen Foods Co, Inc.",Branded,SMOOTHIE BLEND,2431661.0,73.0
image_22.png,/images/image_22.png,Coffee,Vanilla Latte,Vanilla Latte,0.8925,0.8925,Coffee,"Coffee beans, Water",Beverage,Beverages,Coffee and Tea,Beverages,Coffee and Tea,True,1.0,0.0,0.0,0.28,355.0,ml,"Modern Times, LLC",Branded,COFFEE,2095248.0,100.0
image_23.png,/images/image_23.png,strawberry smoothie,Smoothie,Smoothie,0.9326,0.9326,strawberry smoothie,strawberry,"fruit, beverage",Beverages,Sweetened Beverages,Beverages,Sweetened Beverages,True,192.0,3.2,8.4,27.6,,,,SR Legacy,"Ice creams, strawberry",168810.0,70.0
image_24.png,/images/image_24.png,"salad with avocado, carrots, and cheese",Barley Vegetable Salad,Barley Vegetable Salad,0.8593,0.8593,salad,"avocado, carrots, cheese","vegetables, dairy, fruit",Mixed Dishes,Mixed Dishes - Bean/Vegetable-based,Mixed Dishes,Mixed Dishes - Grain-based,True,147.0,0.76,0.18,8.22,,,,SR Legacy,"Carrots, cooked, boiled, drained, with salt",169339.0,61.0
image_25.png,/images/image_25.png,"biscuits, scrambled eggs, salad, orange juice, smoked maple syrup","Salad , Cornbreads and omellete",Grapefruit Juice,0.897,0.8164,biscuits and scrambled eggs,"biscuits, scrambled eggs, salad, orange juice, smoked maple syrup","baked goods, eggs, vegetables, beverage, dairy, condiment",Mixed Dishes,Mixed Dishes - Grain-based,Mixed Dishes,Mixed Dishes - Bean/Vegetable-based,True,1300.0,11.3,22.3,19.3,,,,SR Legacy,"McDONALD'S, Sausage Biscuit with Egg",172071.0,50.0
image_26.png,/images/image_26.png,"yogurt bowl with coconut flakes, seeds, goji berries, and blueberries",Soya Yoghurt Nuts Berries Fruits ,Soya Yoghurt Nuts Berries Frui,0.8826,0.8946,yogurt bowl,"yogurt, coconut flakes, seeds, goji berries, blueberries","dairy, fruits, nuts and seeds",Mixed Dishes,Mixed Dishes - Bean/Vegetable-based,Mixed Dishes,Mixed Dishes - Bean/Vegetable-based,True,92.0,8.11,1.71,11.0,,,,SR Legacy,"Yogurt, Greek, 2%fat, coconut blend, CHOBANI",171260.0,53.0
image_27.png,/images/image_27.png,bacon sandwich,Bacon Sandwich,Bacon Sandwich,0.9969,0.9969,bacon sandwich,"bacon, bread","meat, grains",Mixed Dishes,Mixed Dishes - Sandwiches,Mixed Dishes,Mixed Dishes - Sandwiches,True,990.0,4.29,8.57,37.1,,,,SR Legacy,Ice cream sandwich,172226.0,69.0
image_28.png,/images/image_28.png,vegetable soup,Wedding Soup,Wedding Soup,0.8888,0.8888,vegetable soup,"vegetables, broth","soup, vegetables",Mixed Dishes,Mixed Dishes - Soups,Mixed Dishes,Mixed Dishes - Soups,True,46.0,1.67,0.21,9.17,240.0,ml,Campbell Soup Company,Branded,VEGETABLE SOUP,1624824.0,100.0
image_29.png,/images/image_29.png,"cooked potatoes, loaf of bread",Bread and Potatos,Bread Potatoes,0.9609,0.9561,,,,Other,Other,Grains,"Breads, Rolls, Tortillas",False,266.0,12.5,3.13,47.1,,,,SR Legacy,"Bread, potato",167943.0,59.0
image_30.png,/images/image_30.png,chocolate cake,Chocolate cake ,Chocolate Cake,0.9895,0.9976,chocolate cake,"chocolate, flour, sugar, eggs, butter","dessert, baked goods",Snacks and Sweets,Sweet Bakery Products,Snacks and Sweets,Sweet Bakery Products,True,439.0,3.03,22.7,57.6,66.0,g,The Kroger Co.,Branded,CHOCOLATE CAKE,2092208.0,100.0
image_31.png,/images/image_31.png,cereal with banana and blueberries,oatmeal with blueberries and bananas ,Steel Cut Oats With Fruit,0.9449,0.8844,cereal,"cereal, banana, blueberries","grains, fruit",Grains,Ready-to-Eat Cereals,Grains,Cooked Cereals,True,1670.0,6.67,6.67,78.1,,,,SR Legacy,"Babyfood, cereal, oatmeal, with bananas, dry",171361.0,62.0
image_32.png,/images/image_32.png,"watermelon, pineapple, grapefruit, sausage, fried item, cheese, dragon fruit",Fruit salad sausage fried dough and cheese,Breakfast,0.9348,0.8295,fruit and sausage platter,"watermelon, pineapple, grapefruit, sausage, cheese, dragon fruit, fried item","fruit, protein, dairy, processed meat, fried food",Mixed Dishes,"Mixed Dishes - Meat, Poultry, Seafood",Mixed Dishes,"Mixed Dishes - Meat, Poultry, Seafood",True,18.0,0.0,0.0,4.5,444.0,ml,"Publix Super Markets, Inc.",Branded,"DRAGON FRUIT WATERMELON KOMBUCHA, DRAGON FRUIT WATERMELON",2423626.0,59.0
image_33.png,/images/image_33.png,layered dessert,Panna Cotta,Panna Cotta,0.8765,0.8765,layered dessert,,dessert,Snacks and Sweets,Other Desserts,Milk and Dairy,Dairy Drinks,False,79.0,2.63,1.75,18.4,114.0,IU,"Caribbean Telephone and Telegraph, Inc.",Branded,3 LAYER GELATIN DESSERT,2508826.0,68.0
image_34.png,/images/image_34.png,chicken salad,Chicken Cobb Salad,Chicken Cobb Salad,0.9394,0.9394,chicken salad,"chicken, mayonnaise, celery, onion",protein,Mixed Dishes,"Mixed Dishes - Meat, Poultry, Seafood",Mixed Dishes,"Mixed Dishes - Meat, Poultry, Seafood",True,301.0,14.0,24.7,6.45,93.0,g,"The Suter Company, Inc. ",Branded,CHICKEN SALAD,2455327.0,100.0
image_35.png,/images/image_35.png,Zevia cola,Zevia Cola,Zevia,0.9974,0.9439,Zevia cola,"Carbonated Water, Zevia Sweetener Blend (Erythritol, Stevia Leaf Extract, Monk Fruit Extract), Caramel Color, Citric Acid, Natural Flavors, Caffeine","Beverage, Soda, Diet Soda",Beverages,Diet Beverages,Beverages,Diet Beverages,True,0.0,0.0,0.0,1.13,,,,SR Legacy,"Beverages, ZEVIA, cola",174825.0,67.0
image_36.png,/images/image_36.png,gelatin, Mango Juice ,Juice,0.8119,0.8471,gelatin,gelatin,protein,Other,Other,Beverages,100% Juice,False,25.0,2.02,0.0,5.05,99.0,g,"Northgate Gonzalez, Inc.",Branded,GELATIN,1995955.0,100.0
image_37.png,/images/image_37.png,Cocobella Coconut Water,Cocobella coconut water,425Ml Coconut Water,0.9983,0.9167,Cocobella Coconut Water,Coconut Water,"Beverage, Fruit Juice",Beverages,100% Juice,Beverages,100% Juice,True,19.0,0.72,0.2,3.71,,,,SR Legacy,"Nuts, coconut water (liquid from coconuts)",170174.0,58.0
image_38.png,/images/image_38.png,Tea,Lemon And Ginger Tea,Lemon And Ginger Tea,0.9031,0.9031,Tea,"Tea leaves, Water",Beverage,Beverages,Coffee and Tea,Beverages,Coffee and Tea,True,34.0,0.0,0.0,8.46,473.0,ml,Snapple Beverage Corp.,Branded,TEA,540031.0,100.0
image_39.png,/images/image_39.png,"cereal with milk, tea or coffee",Cereals with Almondmilk,Cereals Almonmilk,0.8876,0.8919,Cereal with milk,"Cereal, Milk, Tea, Coffee","Grains, Dairy, Beverage",Mixed Dishes,Mixed Dishes - Grain-based,Mixed Dishes,Mixed Dishes - Grain-based,True,511.0,7.64,29.4,59.7,,,,SR Legacy,"Candies, milk chocolate, with rice cereal",168755.0,67.0
image_40.png,/images/image_40.png,chocolate cupcake,Chocolate Cupcake,Birthday Cupcake,0.9959,0.9084,chocolate cupcake,"chocolate, flour, sugar, eggs, butter/oil","baked goods, dessert, sweets",Snacks and Sweets,Sweet Bakery Products,Snacks and Sweets,Sweet Bakery Products,True,489.0,4.26,23.4,66.0,47.0,g,The Kroger Co.,Branded,CHOCOLATE CUPCAKE,2053619.0,100.0
image_41.png,/images/image_41.png,"kale salad with strawberries and blueberries, pasta with shrimp and fried onion rings","Shrimps pasta, onion rings and kale salad ",Kale Berries Nuts Seafood Past,0.9563,0.9016,kale salad and pasta,"kale, strawberries, blueberries, pasta, shrimp, fried onion rings","vegetables, fruit, grains, seafood, fried",Mixed Dishes,"Mixed Dishes - Meat, Poultry, Seafood",Mixed Dishes,"Mixed Dishes - Meat, Poultry, Seafood",True,388.0,4.2,9.95,70.3,,,,SR Legacy,"Toaster pastries, fruit (includes apple, blueberry, cherry, strawberry)",175035.0,52.0
image_42.png,/images/image_42.png,guacamole,Guacamole,1 Avocado,0.9919,0.8946,guacamole,avocado,"vegetable, fruit",Condiments and Sauces,Condiments and Sauces,Condiments and Sauces,Condiments and Sauces,True,89.0,3.57,7.14,10.7,28.0,g,Triple 'B' Corporation,Branded,GUACAMOLE,1922901.0,100.0
image_43.png,/images/image_43.png,Triunfo lemon wafer cookies,Triunfo Lemon wafers,Wafers,0.9834,0.894,Triunfo lemon wafer cookies,"lemon, wafer, cookies","dessert, snack, baked goods",Snacks and Sweets,Sweet Bakery Products,Snacks and Sweets,Sweet Bakery Products,True,516.0,3.23,22.6,74.2,31.0,g,Island Purified Water Company,Branded,LEMON WAFER COOKIES,1875928.0,83.0
image_44.png,/images/image_44.png,bagel,Bagel with cream cheese,Bagel With Cream Cheese,0.9468,0.9474,bagel,"wheat flour, water, yeast, malt, salt","grains, bread",Grains,"Breads, Rolls, Tortillas",Mixed Dishes,Other,False,714.0,0.0,0.0,,0.699999988079071,g,Badia Spices Inc.,Branded,BAGEL,2283263.0,100.0
image_45.png,/images/image_45.png,ramen with jalapenos,ramen with jalapenos without noodles,Ramen Without Noodles,0.9398,0.8896,ramen,"ramen noodles, broth, jalapenos","grains, vegetables, soup",Mixed Dishes,Mixed Dishes - Asian,Vegetables,"Vegetables, excluding potatoes",False,163.0,8.65,7.05,16.0,312.0,g,"Wal-Mart Stores, Inc.",Branded,RAMEN WITH CHICKEN,2322761.0,68.0
image_46.png,/images/image_46.png,Mint chocolate chip ice cream,Mint Oreo Ice creame,Mint Oreo Ice Cream,0.956,0.9613,Mint chocolate chip ice cream,"mint, chocolate chips, ice cream","dessert, dairy",Snacks and Sweets,Other Desserts,Snacks and Sweets,Other Desserts,True,224.0,4.48,11.9,25.4,67.0,g,Friendly Ice Cream Corp.,Branded,"ICE CREAM, MINT CHOCOLATE CHIP",1855906.0,100.0
image_47.png,/images/image_47.png,salad with tofu and avocado,Tofu Salad,Tofu Salad,0.9482,0.9482,salad,"tofu, avocado","vegetables, protein, fruits",Mixed Dishes,Mixed Dishes - Bean/Vegetable-based,Mixed Dishes,Mixed Dishes - Bean/Vegetable-based,True,1350.0,5.95,31.8,3.06,,,,SR Legacy,"Mayonnaise, made with tofu",167695.0,65.0
image_48.png,/images/image_48.png,trail mix,M&Ms  candy corn and Peanuts mix,Candy Corn Mix,0.8703,0.8763,trail mix,,snack,Snacks and Sweets,Savory Snacks,Snacks and Sweets,Candy,True,533.0,16.7,40.0,,30.0,IU,"Ellis Pecan Co., Inc.",Branded,TRAIL MIX,2503801.0,100.0
image_49.png,/images/image_49.png,Monster energy drink,Monster Energy,Energy Drink,0.9817,0.9478,Monster Energy Drink,"Carbonated Water, Sugar, Glucose, Citric Acid, Natural Flavors, Taurine, Sodium Citrate, Panax Ginseng Extract, L-Carnitine L-Tartrate, Caffeine, Sorbic Acid (Preservative), Benzoic Acid (Preservative), Niacinamide (Vit. B3), Sucralose, Salt, Guarana Extract, Inositol, Pyridoxine Hydrochloride (Vit. B6), Riboflavin (Vit. B2), Maltodextrin, Cyanocobalamin (Vit. B12)","Beverage, Energy Drink",Beverages,Sweetened Beverages,Beverages,Sweetened Beverages,True,42.0,0.0,0.0,10.0,240.0,ml,Monster Energy Company,Branded,MONSTER ENERGY DRINK,2112065.0,100.0
image_50.png,/images/image_50.png,Progresso Beef Pot Roast soup,Progresso Beef Pot Roast Soup,Soup,0.9981,0.8861,Progresso Beef Pot Roast soup,"Beef, Pot Roast","Soup, Meat, Beef",Mixed Dishes,Mixed Dishes - Soups,Mixed Dishes,Mixed Dishes - Soups,True,41.0,2.45,0.41,7.35,245.0,g,"Conagra Brands, Inc.",Branded,"BEEF POT ROAST SOUP, BEEF POT ROAST",2440166.0,76.0
image_51.png,/images/image_51.png,"avocado toast with egg, coffee",avocado toast with egg and milk tea ,Tea With Milk And Sugar 12 Ozs,0.9543,0.8045,avocado toast,"avocado, toast, egg, coffee","bread, fruit, protein, beverage",Mixed Dishes,Other,Mixed Dishes,Other,True,0.0,0.0,0.0,0.0,0.8999999761581421,GRM,"B&G Foods North America, Inc. ",Branded,"AVOCADO TOAST SEASONING BLEND, AVOCADO TOAST",2630064.0,61.0
image_52.png,/images/image_52.png,lemon water,Lemon Water,Lemon And Hot Water,0.9948,0.951,lemon water,"lemon, water","beverage, fruit",Beverages,Sweetened Beverages,Beverages,Sweetened Beverages,True,47.0,1.5,0.3,16.0,,,,SR Legacy,"Lemon peel, raw",167749.0,64.0
image_53.png,/images/image_53.png,"burger, salad",Club Soda ,Club Soda,0.8044,0.8037,burger,"burger, salad","meat, vegetables",Mixed Dishes,Mixed Dishes - Sandwiches,Beverages,Diet Beverages,False,168.0,3.19,8.74,19.0,,,,SR Legacy,"BURGER KING, Vanilla Shake",170700.0,59.0
image_54.png,/images/image_54.png,"oreo cookie, oreo cookie", Oreo cookies,Oreos,0.9654,0.9585,Oreo Cookie,Oreo Cookie,"Snack, Dessert",Snacks and Sweets,Sweet Bakery Products,Snacks and Sweets,Sweet Bakery Products,True,421.0,2.63,15.8,63.2,38.0,GRM,,Branded,"OREO FROSTED COOKIES, OREO",2670912.0,79.0
image_55.png,/images/image_55.png,"carrot sticks, celery sticks, dip, onion rings",Onion rings with ranch carrot sticks celery sticks,Onion Rings,0.967,0.8882,Snacks,"carrot sticks, celery sticks, dip, onion rings","vegetables, snacks, fried",Mixed Dishes,Mixed Dishes - Bean/Vegetable-based,Mixed Dishes,Mixed Dishes - Bean/Vegetable-based,True,29.0,1.18,0.0,5.88,85.0,g,Russ Davis Wholesale,Branded,ORGANIC CARROT/CELERY STICKS,2309309.0,73.0
image_56.png,/images/image_56.png,coffee,Hot coffee,Coffee,0.9557,0.9991,coffee,"coffee beans, water",beverage,Beverages,Coffee and Tea,Beverages,Coffee and Tea,True,310.0,2.38,23.8,21.4,84.0,g,"Gott Ice Cream, LLC",Branded,COFFEE,2091869.0,100.0
image_57.png,/images/image_57.png,green smoothie,Green smoothie,Smoothie,0.9996,0.9447,green smoothie,"greens, fruits, liquid (water, juice, etc.)","beverage, healthy",Beverages,100% Juice,Beverages,100% Juice,True,614.0,13.0,6.8,11.0,,,,SR Legacy,"Soybeans, green, raw",169282.0,56.0
image_58.png,/images/image_58.png,yogurt,Yogurt,Yogurt,0.9981,0.9981,yogurt,"milk, live cultures","dairy, probiotic",Milk and Dairy,Yogurt,Milk and Dairy,Yogurt,True,62.0,3.52,3.52,4.41,227.0,GRM,Erivan Dairy,Branded,YOGURT,2554062.0,100.0
image_59.png,/images/image_59.png,,Coffee,Coffee,0.8679,0.8679,,,,Other,Other,Beverages,Coffee and Tea,False,,,,,,,,,,,
image_60.png,/images/image_60.png,pho,Bun Bo Hue,Bun Bo Hue,0.9023,0.9023,pho,,"soup, noodles",Mixed Dishes,Mixed Dishes - Asian,Mixed Dishes,Mixed Dishes - Asian,True,10.0,0.0,0.0,2.04,245.0,GRM,New Frontier Foods Inc. ,Branded,"PHO BROTH, PHO",2664127.0,38.0
image_61.png,/images/image_61.png,"bananas, apples, oranges, pears","Bananas , Apples , Oranges and Pears",Banana,0.9913,0.888,,,,Fruit,Fruits,Fruit,Fruits,True,285.0,0.3,0.2,16.3,,,,SR Legacy,"Babyfood, banana apple dessert, strained",167733.0,55.0
image_62.png,/images/image_62.png,apple,Apple,Apple,0.9983,0.9983,apple,apple,fruit,Fruit,Fruits,Fruit,Fruits,True,52.0,0.0,0.65,14.3,154.0,g,TREECRISP 2 GO,Branded,APPLE,454004.0,100.0
image_63.png,/images/image_63.png,"avocado toast with egg and tomato, salad",avocado toast with egg pork tomatoes ,Egg Avocado Meat Tomato,0.9522,0.9301,avocado toast with egg and tomato,"avocado, toast, egg, tomato, salad","grain, fruit, protein, vegetable, salad",Mixed Dishes,Mixed Dishes - Sandwiches,Mixed Dishes,Mixed Dishes - Sandwiches,True,1360.0,1.8,35.0,2.0,,,,SR Legacy,"Salad dressing, bacon and tomato",167704.0,66.0
image_64.png,/images/image_64.png,key lime pie,Keylime Pie,Keylime Pie,0.9856,0.9856,key lime pie,"key lime, graham cracker crust, condensed milk, eggs, butter, sugar","dessert, dairy, fruit",Snacks and Sweets,Other Desserts,Snacks and Sweets,Other Desserts,True,310.0,4.76,11.9,44.0,84.0,g,Yumbana LLC,Branded,KEY LIME PIE,2063666.0,100.0
image_65.png,/images/image_65.png,Four Sigmatic Chaga Mushroom Elixir,Four Sigmatic Chaga Mushroom Elixir,Chaga Elixir,1.0,0.9592,Chaga Mushroom Elixir,Chaga Mushroom,"Beverage, Functional Food, Mushrooms",Beverages,Coffee and Tea,Beverages,Coffee and Tea,True,167.0,0.0,0.0,33.3,3.0,g,FOUR SIGMATIC,Branded,CHAGA MUSHROOM ELIXIR MIX,517495.0,73.0
image_66.png,/images/image_66.png,"hot dog, pepperoni pizza, pizza with olives and green peppers","pepperoni Pizza Slice , pizza slice with olives and peppers , Hotdog  and purified water bottle ",Dinner,0.9354,0.8353,Combination Meal,"hot dog, pepperoni, pizza dough, tomato sauce, cheese, olives, green peppers","processed meat, grains, vegetables, dairy, meat",Mixed Dishes,Mixed Dishes - Pizza,Mixed Dishes,Mixed Dishes - Pizza,True,253.0,10.7,12.7,24.0,150.0,g,Nestle USA Inc.,Branded,"PEPPERONI AND PEPPERS THIN & CRISPY PIZZA, PEPPERONI AND PEPPERS",2086757.0,67.0
image_67.png,/images/image_67.png,keto creamer with MCT oil,Keto Creamer with MCT Oil,Coconut Sugar Keto Creamer,0.996,0.9476,keto creamer,MCT oil,"dairy alternatives, fats, keto",Fats and Oils,Fats and Oils,Fats and Oils,Fats and Oils,True,700.0,0.0,60.0,30.0,10.0,g,360 Labs,Branded,KETO CREAMER,2160464.0,65.0
image_68.png,/images/image_68.png,kiwi slices,Kiwi slices,Kiwi,0.9963,0.9222,kiwi slices,kiwi,fruit,Fruit,Fruits,Fruit,Fruits,True,360.0,0.0,1.0,86.0,50.0,g,Kid Vids Educational Entertainment,Branded,KIWI SLICES,1871737.0,100.0
image_69.png,/images/image_69.png,coffee, coffee ,Coffee,0.9926,0.9991,coffee,"coffee beans, water",beverages,Beverages,Coffee and Tea,Beverages,Coffee and Tea,True,310.0,2.38,23.8,21.4,84.0,g,"Gott Ice Cream, LLC",Branded,COFFEE,2091869.0,100.0
image_70.png,/images/image_70.png,Bai Malawi Mango antioxidant infusion drink,Bai Antioxidant Infusion Malawi Mango,12 Whole Cashews,0.9835,0.7549,Bai Malawi Mango antioxidant infusion drink,"Mango, Antioxidants, Water, Sweeteners, Flavorings","Beverage, Fruit, Antioxidant",Beverages,Sweetened Beverages,Beverages,Sweetened Beverages,True,1.0,0.0,0.0,2.94,340.0,ml,Bai Brands LLC,Branded,SPARKLING ANTIOXIDANT INFUSION,2437627.0,71.0
image_71.png,/images/image_71.png,"strawberries, chicken salad",Strawberries and chicken salad ,Salad And Strawberries,0.9945,0.9513,Chicken Salad,"strawberries, chicken","fruit, protein",Mixed Dishes,"Mixed Dishes - Meat, Poultry, Seafood",Mixed Dishes,"Mixed Dishes - Meat, Poultry, Seafood",True,136.0,0.67,0.3,7.68,,,,SR Legacy,"Strawberries, raw",167762.0,67.0
image_72.png,/images/image_72.png,"milk, bread with jelly",Milk and toast with jam,Milk,0.9404,0.9013,bread with jelly,"milk, bread, jelly","dairy, grains, fruit",Mixed Dishes,Other,Mixed Dishes,Mixed Dishes - Grain-based,True,994.0,10.7,2.15,43.9,,,,SR Legacy,"Bread, white wheat",167532.0,58.0
image_73.png,/images/image_73.png,chocolate truffle,Royce Nama Chocolate,Dark Chocolate,0.9015,0.9231,chocolate truffle,"chocolate, cream, butter, cocoa powder","dessert, chocolate",Snacks and Sweets,Candy,Snacks and Sweets,Candy,True,580.0,6.0,48.0,44.0,50.0,g,"Vande Walle's Candies, Inc.",Branded,CHOCOLATE TRUFFLE,2071257.0,100.0
image_74.png,/images/image_74.png,"omelet with toast and fruit, salmon bagel","Fruit salad(Melon Pieces , blueberrys , strawberrys , pineapple) , omelet with feta cheese and toast",Greek Omelet,0.9232,0.8591,"Omelet with toast and fruit, salmon bagel","Omelet, Toast, Fruit, Salmon, Bagel","Dairy, Grains, Protein, Fruit, Seafood",Mixed Dishes,Mixed Dishes - Sandwiches,Mixed Dishes,"Mixed Dishes - Meat, Poultry, Seafood",True,374.0,12.9,2.3,76.4,,,,SR Legacy,"Crackers, melba toast, wheat",174979.0,52.0
image_75.png,/images/image_75.png,salad,Vegetable Salad,Lunch,0.9474,0.8863,salad,,vegetables,Mixed Dishes,Mixed Dishes - Bean/Vegetable-based,Vegetables,"Vegetables, excluding potatoes",False,151.0,2.63,4.61,27.0,152.0,GRM,"Curation Foods, Inc.",Branded,SALAD,2637940.0,100.0
image_76.png,/images/image_76.png,fruit smoothie,Berry Smoothie With Nut Milk,Berry Smoothie With Nut Milk,0.9079,0.9079,fruit smoothie,fruit,"fruit, beverage",Fruit,Fruits,Mixed Dishes,Mixed Dishes - Bean/Vegetable-based,False,1420.0,0.0,0.0,85.1,,,,SR Legacy,Fruit syrup,167953.0,56.0
image_77.png,/images/image_77.png,beef stew,Beef Stew,Stew,0.9969,0.9393,beef stew,"beef, stew vegetables, broth, seasoning","protein, vegetables",Mixed Dishes,"Mixed Dishes - Meat, Poultry, Seafood",Mixed Dishes,"Mixed Dishes - Meat, Poultry, Seafood",True,85.0,4.24,4.24,7.2,236.0,g,Hormel Foods Corporation ,Branded,BEEF STEW,1958884.0,100.0
image_78.png,/images/image_78.png,grape juice,Red Wine With Grape Juice,Red Wine With Grape Juice,0.9321,0.9321,grape juice,"grapes, water (optional)",fruit juice,Beverages,100% Juice,Alcoholic Beverages,Alcoholic Beverages,False,46.0,0.0,0.0,10.8,240.0,ml,Royal Wine Corporation,Branded,GRAPE JUICE,2084661.0,100.0
image_79.png,/images/image_79.png,Peeled tangerine,Orange,Tangerine,0.9033,0.9318,Peeled tangerine,Tangerine,Fruit,Fruit,Fruits,Fruit,Fruits,True,379.0,3.57,0.0,25.0,28.0,g,Kid Vids Educational Entertainment,Branded,TANGERINE PEEL,2056903.0,93.0
image_80.png,/images/image_80.png,"tamale, orange juice",Tamales and orange Juice,Tamales,0.9799,0.9111,tamale,"tamale, orange juice","corn, meat, fruit juice, beverage",Mixed Dishes,Mixed Dishes - Mexican,Mixed Dishes,Mixed Dishes - Mexican,True,214.0,0.41,0.08,12.2,,,,SR Legacy,Orange Pineapple Juice Blend,167792.0,68.0
image_81.png,/images/image_81.png,Greek Kalamata olives,Trader Joe's Greek Kalamata Olives,Olives,0.9441,0.9363,Kalamata Olives,Kalamata olives,"Fruit, Vegetables",Vegetables,"Vegetables, excluding potatoes",Vegetables,"Vegetables, excluding potatoes",True,179.0,0.0,17.9,7.14,14.0,g,Raley's,Branded,GREEK KALAMATA OLIVES,2123223.0,100.0
image_82.png,/images/image_82.png,"pad thai, spring roll",Pad Thai,Pad Thai,0.9431,0.9431,"pad thai, spring roll",,asian,Mixed Dishes,Mixed Dishes - Asian,Mixed Dishes,Mixed Dishes - Asian,True,88.0,3.51,0.0,17.5,57.0,GRM,,Branded,FOODS THAI SPRING ROLLS,2522480.0,84.0
image_83.png,/images/image_83.png,J.D. Gross dark chocolate,J.D. Gross chocolate,Chocolate,0.9752,0.8881,Dark Chocolate,Chocolate,"Dessert, Snack",Snacks and Sweets,Candy,Snacks and Sweets,Candy,True,546.0,4.88,31.3,61.2,,,,SR Legacy,"Chocolate, dark, 45- 59% cacao solids",170271.0,60.0
image_84.png,/images/image_84.png,red wine,Red Wine,Red Wine,0.9937,0.9937,red wine,"grapes, yeast","beverages, alcohol",Alcoholic Beverages,Alcoholic Beverages,Alcoholic Beverages,Alcoholic Beverages,True,79.0,0.04,0.0,0.27,,,,SR Legacy,"Vinegar, red wine",172240.0,67.0
image_85.png,/images/image_85.png,burrito,Bean Potato Rice Burrito ,Bean Potato Rice Burrito,0.9143,0.9185,burrito,,wraps,Mixed Dishes,Mixed Dishes - Mexican,Mixed Dishes,Mixed Dishes - Mexican,True,212.0,9.41,4.12,32.9,170.0,g,"FRESH & EASY, LLC",Branded,BURRITO,508729.0,100.0
image_86.png,/images/image_86.png,"shortbread bites, water",Willa's Pumpkin Spice Shortbread Bites and water,Cookies,0.9363,0.8633,shortbread bites,"shortbread, water","baked goods, dessert, beverage",Snacks and Sweets,Sweet Bakery Products,Snacks and Sweets,Sweet Bakery Products,True,1610.0,7.14,7.14,72.8,,,,SR Legacy,"Crackers, water biscuits",171856.0,58.0
image_87.png,/images/image_87.png,chocolate smoothie,Protein Shake,Protein Shake,0.8878,0.8878,chocolate smoothie,chocolate,"beverage, dessert",Beverages,Sweetened Beverages,Beverages,Sweetened Beverages,True,216.0,3.8,11.0,28.2,,,,SR Legacy,"Ice creams, chocolate",168809.0,68.0
image_88.png,/images/image_88.png,chocolate chip muffin,Muffin,Muffin,0.9316,0.9316,chocolate chip muffin,"flour, sugar, eggs, butter/oil, chocolate chips","baked goods, dessert, grain",Snacks and Sweets,Sweet Bakery Products,Grains,Quick Breads and Bread Products,False,423.0,4.41,15.9,54.6,113.5,g,"Fernando's Bakery, Inc.",Branded,CHOCOLATE CHIP MUFFIN,2159196.0,100.0
image_89.png,/images/image_89.png,"red wine, Montepulciano D'Abruzzo wine",red wine,Big Glass Red Wine,0.9271,0.8889,Red Wine,Montepulciano D'Abruzzo wine,"Beverage, Alcohol, Wine",Alcoholic Beverages,Alcoholic Beverages,Alcoholic Beverages,Alcoholic Beverages,True,0.0,0.0,0.0,0.0,15.0,ml,"Henry's Marketplace, Inc.",Branded,"RED WINE VINEGAR, RED WINE",2445602.0,58.0
image_90.png,/images/image_90.png,"carrots, pecans, apple slices, peanut butter","Apple slices, Peacans , hummus and pepperoni slices",Apple Carrots Pecans Hummus,0.9341,0.9436,Snack,"carrots, pecans, apple slices, peanut butter","vegetables, nuts, fruit, spreads",Other,Other,Mixed Dishes,Mixed Dishes - Sandwiches,False,210.0,5.52,13.3,17.1,181.0,GRM,Target Stores,Branded,"SLICED APPLES WITH PEANUT BUTTER, PEANUT BUTTER",2661270.0,74.0
image_91.png,/images/image_91.png,custard danish,Pastry Pudding Pretzel ,Pastry Pudding Pretzel,0.8675,0.8701,custard danish,"custard, dough, pastry","dessert, baked goods, dairy",Snacks and Sweets,Sweet Bakery Products,Snacks and Sweets,Sweet Bakery Products,True,101.0,3.1,2.65,16.0,200.0,g,LEBANON VALLEY,Branded,CUSTARD,516227.0,67.0
image_92.png,/images/image_92.png,"Oat drink, Nuts",Oat Milk,Oat Milk,0.9306,0.9306,Oat drink,"Oat drink, Nuts","Beverage, Grains, Nuts",Beverages,Sweetened Beverages,Beverages,Sweetened Beverages,True,348.0,10.4,2.0,72.4,,,,SR Legacy,"Nuts, ginkgo nuts, dried",170175.0,67.0
image_93.png,/images/image_93.png,Liquid in cup,Tea,Tea,0.8638,0.8638,Liquid,Liquid,Beverage,Beverages,Coffee and Tea,Beverages,Coffee and Tea,True,297.0,0.8,3.5,9.1,,,,SR Legacy,"Cream substitute, liquid, light",168097.0,48.0
image_94.png,/images/image_94.png,Tea,Herbal Tea,Herbal Tea,0.9326,0.9326,Tea,"Tea leaves, Water",Beverage,Beverages,Coffee and Tea,Beverages,Coffee and Tea,True,34.0,0.0,0.0,8.46,473.0,ml,Snapple Beverage Corp.,Branded,TEA,540031.0,100.0
image_95.png,/images/image_95.png,soup,Broth ,Soup,0.9358,0.9989,soup,,,Mixed Dishes,Other,Condiments and Sauces,Condiments and Sauces,False,80.0,1.28,5.77,5.13,312.0,g,FRESH & EASY,Branded,SOUP,479971.0,100.0
image_96.png,/images/image_96.png,Coffee,Milk in cup,Earl Grey With Soya Milk,0.8751,0.8488,Coffee,"Coffee beans, Water",Beverages,Beverages,Coffee and Tea,Milk and Dairy,Milk,False,1.0,0.0,0.0,0.28,355.0,ml,"Modern Times, LLC",Branded,COFFEE,2095248.0,100.0
image_97.png,/images/image_97.png,"soup, french fries",Carrot Soup,Carrot Soup,0.8773,0.8773,soup,"soup, french fries","soup, potatoes",Mixed Dishes,Mixed Dishes - Soups,Mixed Dishes,Mixed Dishes - Bean/Vegetable-based,True,282.0,3.41,14.1,35.2,,,,SR Legacy,"DENNY'S, french fries",167672.0,76.0
image_98.png,/images/image_98.png,Rise Kombucha,Kombucha,Kombucha,0.9285,0.9285,Rise Kombucha,Kombucha,"Beverages, Probiotic Drinks",Beverages,Sweetened Beverages,Beverages,Sweetened Beverages,True,21.0,0.0,0.0,5.0,240.0,MLT,"Buddha's Brew, LLC",Branded,KOMBUCHA,2542914.0,76.0
image_99.png,/images/image_99.png,Mon Cheri chocolate,Mon cheri ,Praline,0.9099,0.8644,Mon Cheri,"Chocolate, Cherry, Liqueur, Sugar, Cocoa Butter, Cocoa Mass, Lecithin, Flavors","Confectionery, Dessert, Sweets",Snacks and Sweets,Candy,Snacks and Sweets,Candy,True,2240.0,7.65,29.7,59.4,,,,SR Legacy,"Candies, milk chocolate",167587.0,68.0
image_100.png,/images/image_100.png,cheesy roll,Cheese Scone,Cheese Scone,0.8982,0.834,cheesy roll,"cheese, dough","baked goods, dairy, grain",Mixed Dishes,Mixed Dishes - Grain-based,Mixed Dishes,Mixed Dishes - Grain-based,True,360.0,7.1,18.3,43.7,,,,SR Legacy,"Sweet rolls, cheese",175033.0,69.0
image_101.png,/images/image_101.png,sandwich,Sandwich,Crackers,0.9972,0.867,sandwich,,,Mixed Dishes,Mixed Dishes - Sandwiches,Mixed Dishes,Mixed Dishes - Sandwiches,True,258.0,7.1,11.6,25.8,155.0,g,DELI EXPRESS,Branded,SANDWICH,507441.0,100.0
image_102.png,/images/image_102.png,coffee with cream,Tea with Milk,Tea With Organic Soy Milk,0.8862,0.8137,coffee,"coffee, cream","beverage, dairy",Beverages,Coffee and Tea,Beverages,Coffee and Tea,True,350.0,6.15,34.4,5.52,,,,SR Legacy,"Cheese, cream",173418.0,62.0
image_103.png,/images/image_103.png,Coffee or tea,Coffee or tea ,Coffee Black,0.9968,0.8177,Coffee or Tea,"Coffee beans or Tea leaves, Water",Beverage,Beverages,Coffee and Tea,Beverages,Coffee and Tea,True,259.0,2.06,1.44,10.3,,,,SR Legacy,"SILK Coffee, soymilk",175224.0,50.0
image_104.png,/images/image_104.png,meatballs,Nut ball,Nut Ball,0.8579,0.8548,meatballs,"ground meat, breadcrumbs, eggs, seasoning",protein,Protein Foods,Meats,Snacks and Sweets,Candy,False,235.0,14.1,15.3,10.6,85.0,g,"Quaker Maid Meats, Inc.",Branded,MEATBALLS,2285898.0,100.0
image_105.png,/images/image_105.png,fish and salad sandwich,Fish and salad,Seabass,0.9416,0.8003,fish sandwich,"fish, salad, bread","protein, seafood, vegetables, grains",Mixed Dishes,Mixed Dishes - Sandwiches,Mixed Dishes,"Mixed Dishes - Meat, Poultry, Seafood",True,187.0,16.0,9.26,9.41,,,,SR Legacy,"Fish, tuna salad",175160.0,63.0
image_106.png,/images/image_106.png,cappuccino,Coffee ,Coffee Milk,0.9318,0.8544,cappuccino,"espresso, steamed milk, frothed milk","beverage, coffee",Beverages,Coffee and Tea,Beverages,Coffee and Tea,True,444.0,11.1,22.2,48.9,45.0,g,"Small Planet Foods, Inc.",Branded,CAPPUCCINO,2107681.0,100.0
image_107.png,/images/image_107.png,Unidentifiable food item,egg,Egg,0.8489,0.8382,Unidentifiable food item,,,Other,Other,Protein Foods,Eggs,False,175.0,4.09,5.13,29.2,,,,SR Legacy,"Fast foods, sundae, strawberry",172036.0,50.0
image_108.png,/images/image_108.png,chocolate milk,Chocolate Milk  ,Protien,0.9964,0.8353,chocolate milk,"milk, chocolate",dairy,Milk and Dairy,Flavored Milk,Milk and Dairy,Flavored Milk,True,96.0,3.33,3.33,12.9,240.0,ml,Harris-Teeter Inc.,Branded,CHOCOLATE MILK,2130471.0,100.0
image_109.png,/images/image_109.png,mochi,Mochi ice cream,Mochi Ice Cream,0.9434,0.8795,mochi,"glutinous rice flour, water, sugar","grain, dessert",Grains,Cooked Grains,Snacks and Sweets,Other Desserts,False,300.0,0.0,3.33,66.7,30.0,g,Khong Guan Corporation,Branded,MATCHA MOCHI,2287563.0,59.0
image_110.png,/images/image_110.png,banana,Banana,Pb And Banana,0.9981,0.8734,banana,banana,fruit,Fruit,Fruits,Fruit,Fruits,True,312.0,12.5,6.25,40.6,32.0,g,Wonder Natural Foods Corp,Branded,BANANA,2012128.0,100.0
image_111.png,/images/image_111.png,Drink with powder,Chicory,Chicory,0.8182,0.831,Drink,Powder,Beverage,Beverages,Sweetened Beverages,Vegetables,"Vegetables, excluding potatoes",False,1430.0,10.4,1.04,79.1,,,,SR Legacy,"Spices, onion powder",171327.0,61.0
image_112.png,/images/image_112.png,waffle wrap with egg,Waffle with egg,Waffle With Eggs,0.9614,0.8232,waffle wrap,"waffle, egg","grains, protein",Mixed Dishes,Other,Mixed Dishes,Mixed Dishes - Grain-based,True,658.0,1.96,9.4,16.2,,,,SR Legacy,Potato salad with egg,173343.0,54.0
image_113.png,/images/image_113.png,Coffee,Coffee,Small Mocha Decaf,1.0,0.8679,Coffee,"Coffee beans, Water",Beverage,Beverages,Coffee and Tea,Beverages,Coffee and Tea,True,1.0,0.0,0.0,0.28,355.0,ml,"Modern Times, LLC",Branded,COFFEE,2095248.0,100.0
image_114.png,/images/image_114.png,coffee with foam,Coffee,Coffee,0.9211,0.8175,coffee with foam,"coffee, foam (milk or non-dairy alternative)",beverage,Beverages,Coffee and Tea,Beverages,Coffee and Tea,True,250.0,5.0,10.0,40.0,20.0,GRM,Alamance Foods Inc,Branded,"MOCHA COFFEE FOAM, MOCHA",2502939.0,67.0
image_115.png,/images/image_115.png,sandwich,Peanut butter sandwich ,Pb And J,0.9194,0.867,sandwich,,,Mixed Dishes,Mixed Dishes - Sandwiches,Mixed Dishes,Other,True,258.0,7.1,11.6,25.8,155.0,g,DELI EXPRESS,Branded,SANDWICH,507441.0,100.0
image_116.png,/images/image_116.png,smoothie bowl,Smoothie Bowl,Smoothie Bowl,0.9968,0.8393,smoothie bowl,"smoothie, toppings","fruit, breakfast, dessert",Mixed Dishes,Mixed Dishes - Bean/Vegetable-based,Mixed Dishes,Mixed Dishes - Bean/Vegetable-based,True,45.0,0.56,0.56,10.2,177.0,GRM,Ambrosetti's Sister,Branded,DRAGON FRUIT SMOOTHIE BOWL,2604849.0,67.0
image_117.png,/images/image_117.png,croissant,Croissant,Patties,0.9918,0.8549,croissant,"flour, butter, yeast, sugar, salt, water","bread, baked goods, grains",Grains,"Breads, Rolls, Tortillas",Grains,"Breads, Rolls, Tortillas",True,395.0,4.65,25.6,37.2,43.0,g,"Voila Bakeries, Inc.",Branded,CROISSANT,1903457.0,100.0
image_118.png,/images/image_118.png,yogurt,Yogurt,Quark,0.9981,0.8576,Yogurt,"Milk, Live Cultures","Dairy, Protein",Milk and Dairy,Yogurt,Milk and Dairy,Yogurt,True,62.0,3.52,3.52,4.41,227.0,GRM,Erivan Dairy,Branded,YOGURT,2554062.0,100.0
image_119.png,/images/image_119.png,fried radish cake,Fried Carrot Cake,Fried Carrot Cake,0.9339,0.8227,fried radish cake,"radish, flour, water, oil","vegetables, starch",Mixed Dishes,Mixed Dishes - Asian,Mixed Dishes,Mixed Dishes - Asian,True,271.0,7.9,0.72,63.4,,,,SR Legacy,"Radishes, oriental, dried",168453.0,60.0
image_120.png,/images/image_120.png,chia seed pudding with fruit,Chia pudding with strawberry,Chia Pudding,0.9508,0.8026,chia seed pudding,"chia seeds, fruit","dessert, seeds, fruit",Mixed Dishes,Mixed Dishes - Bean/Vegetable-based,Mixed Dishes,Mixed Dishes - Bean/Vegetable-based,True,593.0,2.09,4.6,23.0,,,,SR Legacy,"Puddings, chocolate, ready-to-eat",168778.0,61.0
image_121.png,/images/image_121.png,dark beer,beer,Beer,0.9345,0.8472,dark beer,"water, malted barley, hops, yeast","beverages, alcohol",Alcoholic Beverages,Alcoholic Beverages,Alcoholic Beverages,Alcoholic Beverages,True,286.0,0.0,0.0,77.6,,,,SR Legacy,"Syrups, corn, dark",168836.0,48.0
image_122.png,/images/image_122.png,pasta with sauce,Pasta with carrot and jalapeno,Macaroni And Cheese,0.8944,0.8223,pasta with sauce,"pasta, sauce","grains, sauce",Mixed Dishes,Mixed Dishes - Grain-based,Mixed Dishes,Mixed Dishes - Bean/Vegetable-based,True,297.0,2.22,0.71,13.9,,,,SR Legacy,"Pasta with tomato sauce, no meat, canned",172100.0,59.0
image_123.png,/images/image_123.png,"egg in a hole with jam, toast with jam, coffee with cream","Egg in a hole , toast with jam and coffee",Toad In A Hole,0.9792,0.8061,"Egg in a hole with jam, toast with jam","Egg, Bread, Jam, Coffee, Cream","Breakfast, Dairy, Grains, Fruit, Protein",Mixed Dishes,Other,Mixed Dishes,Other,True,815.0,2.96,19.1,3.66,,,,SR Legacy,"Cream, fluid, light (coffee cream or table cream)",170857.0,52.0
image_124.png,/images/image_124.png,"potato chips, bacon-wrapped sausages",Chips and bacon wrapped sausages,2 Veg Dogs And Bacon Cut,0.9721,0.8241,"potato chips, bacon-wrapped sausages","potato, salt, oil, bacon, sausage","processed food, snacks, meat, protein",Mixed Dishes,"Mixed Dishes - Meat, Poultry, Seafood",Mixed Dishes,"Mixed Dishes - Meat, Poultry, Seafood",True,532.0,2.94,32.4,56.8,,,,SR Legacy,"Snacks, sweet potato chips, unsalted",174783.0,61.0
image_125.png,/images/image_125.png,tea,tea,Black Tea With Milk,1.0,0.872,tea,"tea leaves, water",beverages,Beverages,Coffee and Tea,Beverages,Coffee and Tea,True,34.0,0.0,0.0,8.46,473.0,ml,Snapple Beverage Corp.,Branded,TEA,540031.0,100.0
image_126.png,/images/image_126.png,oatmeal with almonds,Oatmeal with almonds,Oatmeal Shaved Almonds Honey,0.9984,0.825,oatmeal,"oatmeal, almonds","grains, nuts",Grains,Cooked Cereals,Grains,Cooked Cereals,True,1660.0,3.33,1.67,92.4,,,,SR Legacy,"Candies, nougat, with almonds",169060.0,68.0
image_127.png,/images/image_127.png,tostada with pork,Tacos,Tacos,0.8579,0.8137,Tostada,"Pork, Tostada Shell","Protein, Grains",Mixed Dishes,Mixed Dishes - Mexican,Mixed Dishes,Mixed Dishes - Mexican,True,1980.0,6.15,23.4,64.4,,,,SR Legacy,"Tostada shells, corn",167525.0,56.0
image_128.png,/images/image_128.png,mac and cheese with broccoli,Mac and cheese with broccoli ,Potsticker,0.9971,0.8102,mac and cheese,"macaroni, cheese, broccoli","grains, dairy, vegetables",Mixed Dishes,Mixed Dishes - Bean/Vegetable-based,Mixed Dishes,Mixed Dishes - Bean/Vegetable-based,True,173.0,8.0,8.44,16.0,225.0,g,"Sugar Mountain Capital, LLC",Branded,"BROCCOLI MAC & CHEESE, BROCCOLI",2485273.0,71.0
image_129.png,/images/image_129.png,Meat and cheese dish,Ground beef baked cheese,Ground Beed Baked Cheese,0.9207,0.8243,Meat and cheese dish,"Meat, Cheese","Protein, Dairy",Mixed Dishes,"Mixed Dishes - Meat, Poultry, Seafood",Mixed Dishes,"Mixed Dishes - Meat, Poultry, Seafood",True,1160.0,9.77,24.3,4.9,,,,SR Legacy,"Frankfurter, meat, heated",174615.0,56.0
image_130.png,/images/image_130.png,baklava,Baklava,Baklava,0.9993,0.8663,baklava,"phyllo dough, nuts (walnuts, pistachios, almonds), butter, sugar, honey, lemon juice, spices (cinnamon, cloves)","dessert, pastry, nuts, sweets",Snacks and Sweets,Sweet Bakery Products,Snacks and Sweets,Sweet Bakery Products,True,535.0,6.98,39.5,37.2,43.0,g,Baklava Unlimited,Branded,BAKLAVA,2069838.0,100.0
image_131.png,/images/image_131.png,"salad, avocado, egg casserole",egg casserole with avocado ,Egg Sandwich,0.962,0.8163,"salad, avocado, egg casserole","salad, avocado, egg, casserole","vegetables, fruits, protein, dairy",Mixed Dishes,Mixed Dishes - Bean/Vegetable-based,Mixed Dishes,Mixed Dishes - Bean/Vegetable-based,True,,1.81,20.3,8.32,,,,Foundation,"Avocado, Hass, peeled, raw",2710824.0,64.0
image_132.png,/images/image_132.png,root vegetable lasagna,Root vegetable lasagna,Root Vegetables Lasagne,0.9995,0.8088,root vegetable lasagna,"root vegetables, lasagna noodles, cheese (likely), sauce (likely)","vegetables, grains, dairy",Mixed Dishes,Mixed Dishes - Bean/Vegetable-based,Mixed Dishes,Mixed Dishes - Bean/Vegetable-based,True,580.0,6.87,6.04,14.2,,,,SR Legacy,"Lasagna, Vegetable, frozen, baked",172106.0,65.0
image_133.png,/images/image_133.png,Apple with bite marks,Apple,Apple,0.9112,0.8122,Apple,Apple,Fruit,Fruit,Fruits,Fruit,Fruits,True,724.0,0.39,0.3,42.5,,,,SR Legacy,"Fruit butters, apple",168816.0,70.0
image_134.png,/images/image_134.png,bagel with cream cheese,Bagel with cream cheese  and coffee,Coffee With Creamer,0.9485,0.8227,bagel with cream cheese,"bagel, cream cheese","grains, dairy",Mixed Dishes,Mixed Dishes - Sandwiches,Mixed Dishes,Other,True,128.0,2.79,3.19,22.7,250.8000030517578,g,Five Star Gourmet Foods Inc.,Branded,BAGEL & CREAM CHEESE,1933187.0,88.0
image_135.png,/images/image_135.png,coffee,Black coffee,Breakfast Black Coffee,0.9326,0.866,coffee,"coffee beans, water",beverages,Beverages,Coffee and Tea,Beverages,Coffee and Tea,True,310.0,2.38,23.8,21.4,84.0,g,"Gott Ice Cream, LLC",Branded,COFFEE,2091869.0,100.0
image_136.png,/images/image_136.png,dosa with sauce,Dosa,Dosa,0.9348,0.8179,dosa,"dosa batter, sauce","grains, sauce",Mixed Dishes,Mixed Dishes - Asian,Grains,"Breads, Rolls, Tortillas",False,778.0,3.99,13.8,11.6,,,,SR Legacy,"Sauce, homemade, white, thick",174526.0,59.0
image_137.png,/images/image_137.png,macaroni and cheese,Mac and cheese,Homemade Mac N Cheese,0.9865,0.8499,macaroni and cheese,"macaroni, cheese","grains, dairy",Mixed Dishes,Mixed Dishes - Grain-based,Mixed Dishes,Mixed Dishes - Grain-based,True,102.0,3.4,3.4,14.3,265.0,GRM,Conagra Frozen Foods,Branded,MACARONI AND CHEESE,2618433.0,100.0
image_138.png,/images/image_138.png,"coffee with cream, bagel with peanut butter and jelly","coffee with cream , bagel with peanut butter and jam",Bagel,0.9879,0.8061,Coffee with Cream and Bagel with Peanut Butter and Jelly,"Coffee, Cream, Bagel, Peanut Butter, Jelly","Beverage, Dairy, Grains, Nuts, Fruit",Mixed Dishes,Other,Mixed Dishes,Other,True,608.0,24.5,54.2,17.0,,,,SR Legacy,"Peanut butter with omega-3, creamy",172471.0,64.0
image_139.png,/images/image_139.png,"coleslaw, meat",coleslaw,Coleslaw,0.9488,0.8271,coleslaw with meat,"coleslaw, meat","vegetables, protein",Mixed Dishes,"Mixed Dishes - Meat, Poultry, Seafood",Mixed Dishes,Mixed Dishes - Bean/Vegetable-based,True,144.0,0.91,8.64,15.6,,,,SR Legacy,"KFC, Coleslaw",170340.0,72.0
image_140.png,/images/image_140.png,,nothing,Quinoa Salad,0.8533,1.0,Unknown,,,Other,Other,Other,Other,True,,,,,,,,,,,
image_141.png,/images/image_141.png,tea or coffee,tea,Tea,0.8967,0.8222,beverage,"tea, coffee",beverages,Beverages,Coffee and Tea,Beverages,Coffee and Tea,True,259.0,2.06,1.44,10.3,,,,SR Legacy,"SILK Coffee, soymilk",175224.0,50.0
image_142.png,/images/image_142.png,cheese slices,Cheese Slices,Cheese 3 Oz,0.9885,0.835,cheese slices,cheese,dairy,Milk and Dairy,Cheese,Milk and Dairy,Cheese,True,1640.0,27.0,31.0,1.44,,,,Foundation,"Cheese, swiss",746767.0,80.0
image_143.png,/images/image_143.png,scones,Pumpkin coffee cake,Vegan Pumpkin Coffee Cake,0.8527,0.8517,scones,,baked goods,Grains,Quick Breads and Bread Products,Mixed Dishes,Mixed Dishes - Grain-based,False,406.0,4.69,17.2,57.8,64.0,g,TWO-BITE,Branded,SCONES,505720.0,100.0
image_144.png,/images/image_144.png,,nothing,Half Caf 1Tsp Cacao Manjistha,0.8533,1.0,Unknown,,,Other,Other,Other,Other,True,,,,,,,,,,,
image_145.png,/images/image_145.png,lasagna,Bolognese Mince with Zucchini,Bolognese Mince With Zucchini,0.858,0.8516,lasagna,"pasta sheets, ground meat, tomato sauce, ricotta cheese, mozzarella cheese, parmesan cheese, vegetables (optional)","pasta, Italian food, casserole, comfort food",Mixed Dishes,"Mixed Dishes - Meat, Poultry, Seafood",Mixed Dishes,"Mixed Dishes - Meat, Poultry, Seafood",True,101.0,5.53,4.15,10.1,217.0,GRM,"Scardigno's Prime Meats & Groceries, Inc",Branded,LASAGNA,2586090.0,100.0
image_146.png,/images/image_146.png,roasted soybeans,Roasted soybeans,Natto Beans,0.9991,0.8356,roasted soybeans,soybeans,"protein, legumes",Protein Foods,Plant-based Protein Foods,Protein Foods,Plant-based Protein Foods,True,1870.0,36.5,19.9,30.2,,,,SR Legacy,"Soybeans, mature seeds, raw",174270.0,68.0
image_147.png,/images/image_147.png,Scrambled eggs,3 fried eggs ,3 Egg Omlette Free Frange,0.897,0.8344,Scrambled eggs,Eggs,Protein,Protein Foods,Eggs,Protein Foods,Eggs,True,113.0,11.3,6.45,1.61,124.0,g,"Eggland's Best, Inc.",Branded,SCRAMBLED EGGS,1888770.0,100.0
image_148.png,/images/image_148.png,Soup,Soup,Red Cabbage Soup,1.0,0.857,Soup,,,Mixed Dishes,Mixed Dishes - Soups,Mixed Dishes,Mixed Dishes - Soups,True,84.0,4.21,5.96,5.26,285.0,g,CUISINE ADVENTURES,Branded,SOUP,507595.0,100.0
image_149.png,/images/image_149.png,"Meat pie with tomatoes and wraps, Coffee with cream","coffee with cream , tomatoes ,meatpie and rolls ",Hamm Role And Pork Pie,0.9677,0.8053,Meat pie,"Meat, Tomatoes, Wraps, Coffee, Cream","Meat, Vegetables, Grains, Beverages, Dairy",Mixed Dishes,"Mixed Dishes - Meat, Poultry, Seafood",Mixed Dishes,"Mixed Dishes - Meat, Poultry, Seafood",True,815.0,2.96,19.1,3.66,,,,SR Legacy,"Cream, fluid, light (coffee cream or table cream)",170857.0,55.0
image_150.png,/images/image_150.png,ice cream,Muesli,Muesli,0.848,0.8658,ice cream,"cream, sugar, flavorings","dairy, dessert",Milk and Dairy,Dairy Drinks,Grains,Ready-to-Eat Cereals,False,200.0,3.08,10.8,24.6,65.0,g,"Wal-Mart Stores, Inc.",Branded,ICE CREAM,2100807.0,100.0
image_151.png,/images/image_151.png,Toast,Toast,Bread And Jam,1.0,0.8625,Toast,Bread,Grains,Grains,"Breads, Rolls, Tortillas",Grains,"Breads, Rolls, Tortillas",True,315.0,10.5,6.6,52.6,,,,SR Legacy,"Bread, egg, toasted",172674.0,45.0
image_152.png,/images/image_152.png,blueberries,Blueberries,Blueberries,0.9929,0.8633,blueberries,blueberries,fruit,Fruit,Fruits,Fruit,Fruits,True,57.0,0.71,0.71,12.1,140.0,GRM,,Branded,BLUEBERRIES,2626383.0,100.0
image_153.png,/images/image_153.png,salad with lettuce and tomatoes,Lettuce and tomato salad,Salad W Goddess Dressing,0.9792,0.8027,salad,"lettuce, tomatoes",vegetables,Vegetables,"Vegetables, excluding potatoes",Mixed Dishes,Mixed Dishes - Bean/Vegetable-based,False,221.0,12.3,12.0,16.0,,,,SR Legacy,"SUBWAY, tuna sub on white bread with lettuce and tomato",170316.0,64.0
image_154.png,/images/image_154.png,"pineapple chunks, bananas, apples, raisins","Bananas , apples , pineapples and raisins",Banana Apples Pineapple Raisins,0.9765,0.8153,Fruit Salad,"pineapple chunks, bananas, apples, raisins","fruit, dried fruit",Fruit,Fruits,Fruit,Fruits,True,367.0,3.33,6.67,76.7,30.0,g,"Waymouth Farms, Inc.",Branded,"BANANA CHIPS, RAISINS, DRIED PAPAYA, PINEAPPLE, APRICOTS, CRANBERRIES & APPLES",2130936.0,65.0
image_155.png,/images/image_155.png,chocolate wafer cookies,Chocolate cookies,Cookies,0.9486,0.828,chocolate wafer cookies,"chocolate, wafer","dessert, baked goods, snacks",Snacks and Sweets,Sweet Bakery Products,Snacks and Sweets,Sweet Bakery Products,True,433.0,6.6,14.2,72.7,,,,SR Legacy,"Cookies, chocolate wafers",172714.0,98.0
image_156.png,/images/image_156.png,bread with butter,Bread with butter,Butter,0.9995,0.8271,bread with butter,"bread, butter","grains, dairy",Mixed Dishes,Other,Mixed Dishes,Other,True,1310.0,13.0,4.27,55.8,,,,SR Legacy,"Bread, wheat, toasted",172687.0,67.0
image_157.png,/images/image_157.png,Raisins,Raisins,Dry Cherries,1.0,0.8579,Raisins,Raisins,Fruits,Fruit,Fruits,Fruit,Fruits,True,300.0,2.5,0.0,80.0,40.0,g,"Supervalu, Inc.",Branded,RAISINS,2393112.0,100.0
image_158.png,/images/image_158.png,apple slices,Apple slices,Apple,0.9988,0.8331,apple slices,apple,fruit,Fruit,Fruits,Fruit,Fruits,True,57.0,0.0,0.0,12.9,140.0,GRM,"Crunch Pak Holding Company, LLC",Branded,APPLE SLICES,2627631.0,100.0
image_159.png,/images/image_159.png,coffee,coffee,Vegetable Juice,1.0,0.866,coffee,"coffee beans, water",beverage,Beverages,Coffee and Tea,Beverages,Coffee and Tea,True,310.0,2.38,23.8,21.4,84.0,g,"Gott Ice Cream, LLC",Branded,COFFEE,2091869.0,100.0
image_160.png,/images/image_160.png,steel cut oats,Steel cut Oats,Oatmeal Steel Cut,0.9965,0.8426,steel cut oats,steel cut oats,grains,Grains,Cooked Grains,Grains,Cooked Grains,True,378.0,13.3,6.67,66.7,45.0,g,"The Hain Celestial Group, Inc.",Branded,STEEL CUT OATS,2121423.0,100.0
image_161.png,/images/image_161.png,polenta with tomato sauce and parmesan cheese,Polenta,Polenta,0.9234,0.8035,polenta with tomato sauce and parmesan cheese,"polenta, tomato sauce, parmesan cheese","grains, sauce, dairy",Mixed Dishes,Mixed Dishes - Bean/Vegetable-based,Grains,Cooked Grains,False,59.0,2.13,1.93,10.2,,,,SR Legacy,"Tomato products, canned, sauce, with herbs and cheese",170057.0,74.0
image_162.png,/images/image_162.png,pear slices,Pear slices,Pear,0.9983,0.833,pear slices,pear,fruit,Fruit,Fruits,Fruit,Fruits,True,48.0,0.0,0.0,11.2,125.0,g,Brookshire Grocery Company,Branded,PEAR SLICES,2100200.0,100.0
image_163.png,/images/image_163.png,tea,Herbal Tea,Peppermint Herbal Tea 360Ml,0.936,0.872,tea,"tea leaves, water",beverages,Beverages,Coffee and Tea,Beverages,Coffee and Tea,True,34.0,0.0,0.0,8.46,473.0,ml,Snapple Beverage Corp.,Branded,TEA,540031.0,100.0
image_164.png,/images/image_164.png,trail mix,Trail Mix,Nut Mix,0.9969,0.8471,trail mix,,snack,Snacks and Sweets,Savory Snacks,Snacks and Sweets,Savory Snacks,True,533.0,16.7,40.0,,30.0,IU,"Ellis Pecan Co., Inc.",Branded,TRAIL MIX,2503801.0,100.0
image_165.png,/images/image_165.png,Numi tea,Green Tea,Green Tea Decaf,0.905,0.8514,Numi Tea,"tea leaves, various herbs/spices (depending on the flavor)","beverages, tea, herbal tea",Beverages,Coffee and Tea,Beverages,Coffee and Tea,True,2.0,0.0,0.0,0.17,600.0,ml,Snapple Beverage Corp.,Branded,"TEA, TEA",2243921.0,53.0
image_166.png,/images/image_166.png,coffee,coffee,Coffee Cashew Milk Truvia,1.0,0.866,coffee,"coffee beans, water",beverage,Beverages,Coffee and Tea,Beverages,Coffee and Tea,True,310.0,2.38,23.8,21.4,84.0,g,"Gott Ice Cream, LLC",Branded,COFFEE,2091869.0,100.0
image_167.png,/images/image_167.png,Doritos chips,Doritos,Snack,0.9868,0.8388,Doritos chips,"Corn, Vegetable Oil, Salt, Cheese, Spices","Snacks, Processed Foods",Snacks and Sweets,Savory Snacks,Snacks and Sweets,Savory Snacks,True,500.0,7.14,28.6,57.1,28.0,g,Frito-Lay Company,Branded,"DORITOS, FLAMAS, TORTILLA CHIPS",1633349.0,62.0
image_168.png,/images/image_168.png,coffee with cream,Coffee with cream,Morning Coffee,0.9993,0.8137,coffee with cream,"coffee, cream","beverage, dairy",Beverages,Coffee and Tea,Beverages,Coffee and Tea,True,350.0,6.15,34.4,5.52,,,,SR Legacy,"Cheese, cream",173418.0,62.0
image_169.png,/images/image_169.png,pasta with sauce,pasta,Tuna Grub,0.9453,0.8223,pasta with sauce,"pasta, sauce","grains, sauce",Mixed Dishes,Mixed Dishes - Grain-based,Grains,Cooked Grains,False,297.0,2.22,0.71,13.9,,,,SR Legacy,"Pasta with tomato sauce, no meat, canned",172100.0,59.0
image_170.png,/images/image_170.png,"soft-boiled egg, coffee with cream",Boiled egg and coffee with cream,Brewed Coffee With Buffalo Mil,0.9795,0.8019,soft-boiled egg and coffee,"egg, coffee, cream","protein, beverage, dairy",Mixed Dishes,Other,Mixed Dishes,Other,True,138.0,0.83,0.23,8.14,,,,SR Legacy,"Eggplant, cooked, boiled, drained, with salt",169352.0,68.0
image_171.png,/images/image_171.png,Munchies snack mix,Munchies Snack Mix,Munchies Snack Mix,0.9976,0.8266,Munchies snack mix,,Snack Mix,Snacks and Sweets,Savory Snacks,Snacks and Sweets,Savory Snacks,True,433.0,13.3,26.7,53.3,30.0,g,CIBO VITA INC,Branded,MUNCHIE MIX,1914985.0,76.0
image_172.png,/images/image_172.png,tomato salad with feta and multigrain bread,"Feta cheese , tomato salad and multigrain bread",Feta Cheese Tomato Toast,0.9837,0.8,tomato salad,"tomato, feta, multigrain bread","vegetables, dairy, grains",Mixed Dishes,Mixed Dishes - Bean/Vegetable-based,Mixed Dishes,Mixed Dishes - Bean/Vegetable-based,True,1360.0,1.8,35.0,2.0,,,,SR Legacy,"Salad dressing, bacon and tomato",167704.0,62.0
image_173.png,/images/image_173.png,Greek Style Yogurt,Greek yogurt,Greek Yoghurt,0.9802,0.8323,Greek Style Yogurt,Yogurt,"Dairy, Protein",Milk and Dairy,Yogurt,Milk and Dairy,Yogurt,True,305.0,9.95,1.92,3.94,,,,SR Legacy,"Yogurt, Greek, plain, lowfat",170903.0,70.0
image_174.png,/images/image_174.png,gnocchi with onions,Gnocchi,Gnocchi,0.9405,0.8146,gnocchi,"gnocchi, onions","pasta, vegetables",Mixed Dishes,Mixed Dishes - Bean/Vegetable-based,Grains,Cooked Grains,False,148.0,0.89,0.13,7.68,,,,Foundation,"Onions, white, raw",1104962.0,57.0
image_175.png,/images/image_175.png,peach,Cheese,Cheese,0.8358,0.8761,peach,peach,fruit,Fruit,Fruits,Milk and Dairy,Cheese,False,411.0,4.44,22.2,53.3,45.0,g,The Kroger Co.,Branded,PEACH,2053614.0,100.0
image_176.png,/images/image_176.png,,Empty,1 Cup Black Coffee,0.8614,1.0,Unknown,,,Other,Other,Other,Other,True,,,,,,,,,,,
image_177.png,/images/image_177.png,mushroom pizza,Mushroom Pizza,Pizza,0.9981,0.8263,mushroom pizza,"pizza dough, tomato sauce, cheese, mushrooms","baked goods, pizza, vegetables, dairy, grains",Mixed Dishes,Mixed Dishes - Pizza,Mixed Dishes,Mixed Dishes - Pizza,True,,3.5,0.24,5.76,,,,Foundation,"Mushroom, pioppini",2003604.0,71.0
image_178.png,/images/image_178.png,,Empty ,Dry White Wine,0.8543,1.0,Unknown,,,Other,Other,Other,Other,True,,,,,,,,,,,
image_179.png,/images/image_179.png,breaded cutlet with applesauce and potato salad,Potato salad and fried chicken with apple sauce,Chicken Schnitzel Potato Salad,0.9156,0.7978,Unknown,,,Mixed Dishes,"Mixed Dishes - Meat, Poultry, Seafood",Mixed Dishes,"Mixed Dishes - Meat, Poultry, Seafood",True,75.0,0.89,0.89,15.6,,,,SR Legacy,"Babyfood, cereal, oatmeal, with applesauce and bananas, strained",171362.0,64.0
image_180.png,/images/image_180.png,Oatmeal with raspberry and pistachio nuts,Oatmeal with raspberry and pistachio nuts,Oats Berries Yoghurt Prune,1.0,0.8024,Oatmeal,"Oats, Raspberries, Pistachio Nuts","Grains, Fruits, Nuts",Grains,Cooked Cereals,Grains,Cooked Cereals,True,2380.0,21.0,45.8,27.6,,,,SR Legacy,"Nuts, pistachio nuts, dry roasted, with salt added",169426.0,66.0
image_181.png,/images/image_181.png,No food items,Empty ,Vietnamese Beef Soup,0.8959,0.8135,No food items,,,Other,Other,Other,Other,True,89.0,1.65,2.82,14.6,,,,SR Legacy,"Fast foods, potato, mashed",170699.0,49.0
image_182.png,/images/image_182.png,Bark Thins snacking chocolate,Bark Thins dark chocolate with pumpkin seeds,Bark Thins,0.9233,0.8206,Bark Thins,Chocolate,"Snacks, Sweets, Chocolate",Snacks and Sweets,Candy,Snacks and Sweets,Candy,True,404.0,5.1,13.5,73.0,,,,SR Legacy,"Snacks, crisped rice bar, chocolate chip",167951.0,60.0
image_183.png,/images/image_183.png,tortillas with chili sauce,Tortilla with capsicum and chilli sauce,Ham Quesadilla,0.9327,0.8027,tortillas with chili sauce,"tortillas, chili sauce","grains, sauce",Mixed Dishes,Mixed Dishes - Mexican,Mixed Dishes,Mixed Dishes - Mexican,True,497.0,6.62,22.3,67.4,,,,SR Legacy,"Tortilla chips, yellow, plain, salted",173143.0,67.0
image_184.png,/images/image_184.png,blueberries with cream,Blueberries with yogurt,Blueberries Yogurt,0.942,0.8213,blueberries with cream,"blueberries, cream","fruit, dairy",Fruit,Fruits,Mixed Dishes,Mixed Dishes - Bean/Vegetable-based,False,,0.703,0.306,14.6,,,,Foundation,"Blueberries, raw",2346411.0,81.0
image_185.png,/images/image_185.png,broth,Broth ,Bone Broth With Egg,0.9951,0.8532,broth,,"soups, liquids",Condiments and Sauces,Condiments and Sauces,Condiments and Sauces,Condiments and Sauces,True,2.0,0.42,0.0,0.42,240.0,ml,Harris-Teeter Inc.,Branded,BROTH,498006.0,100.0
image_186.png,/images/image_186.png,Porridge,halwa,Halwa,0.8507,0.8542,Porridge,,Grains,Grains,Cooked Cereals,Snacks and Sweets,Other Desserts,False,360.0,14.0,2.0,70.0,50.0,g,Coast to Coast Produce,Branded,"TEFF PORRIDGE, IVORY",2432400.0,59.0
image_187.png,/images/image_187.png,cooked bitter melon,Cooked bitter gourd,Bitter Gourd Subzi,0.9803,0.8213,cooked bitter melon,bitter melon,vegetables,Vegetables,"Vegetables, excluding potatoes",Vegetables,"Vegetables, excluding potatoes",True,21.0,0.0,0.0,4.26,47.0,g,Coast Produce Company,Branded,BITTER MELON,1548192.0,77.0
image_188.png,/images/image_188.png,Pasta dish,Empty ,Pepperoni Pizza,0.7749,0.8418,Pasta dish,Pasta,Grains,Mixed Dishes,Mixed Dishes - Grain-based,Other,Other,False,371.0,13.0,1.51,74.7,,,,SR Legacy,"Pasta, dry, enriched",169736.0,64.0
image_189.png,/images/image_189.png,"toast, salmon slices, scrambled eggs, green salad","Scrambled eggs , smoked salmon , toast and salad",Scrambled Egg Smoked Salmon.,0.9735,0.8043,"Toast with Salmon, Scrambled Eggs, and Green Salad","toast, salmon slices, scrambled eggs, green salad","grains, protein, seafood, eggs, vegetables",Mixed Dishes,Mixed Dishes - Sandwiches,Mixed Dishes,"Mixed Dishes - Meat, Poultry, Seafood",True,250.0,17.9,14.3,7.14,28.0,g,Kowalski Companies Inc.,Branded,FREE RANGE EGG SALMON SALAD,2076809.0,58.0
image_190.png,/images/image_190.png,Finn Crisp crackers,Finn Crisp crackers,Tea With Milk,1.0,0.8302,Finn Crisp crackers,"rye flour, water, salt, yeast","grains, snack",Grains,"Breads, Rolls, Tortillas",Grains,"Breads, Rolls, Tortillas",True,366.0,7.9,1.3,82.2,,,,SR Legacy,"Crackers, crispbread, rye",172739.0,71.0
image_191.png,/images/image_191.png,coffee with foam,coffee,Coffee Mct,0.9218,0.8175,coffee,"coffee, foam",beverage,Beverages,Coffee and Tea,Beverages,Coffee and Tea,True,250.0,5.0,10.0,40.0,20.0,GRM,Alamance Foods Inc,Branded,"MOCHA COFFEE FOAM, MOCHA",2502939.0,67.0
image_192.png,/images/image_192.png,"shredded carrots, cheesy casserole, vegetable bake, glass of milk",Lasagna with carrots and milk ,Lasagnia With Carrots,0.9056,0.8078,cheesy casserole,"shredded carrots, cheese, milk, vegetables","vegetables, dairy, baked goods",Mixed Dishes,Mixed Dishes - Bean/Vegetable-based,Mixed Dishes,"Mixed Dishes - Meat, Poultry, Seafood",True,109.0,0.8,0.1,6.0,,,,SR Legacy,"Babyfood, vegetables, carrots, strained",173506.0,55.0
image_193.png,/images/image_193.png,"cucumber slices, cauliflower",Cucumber and cauliflower,Black Tea,0.9651,0.8279,Vegetable Platter,"cucumber, cauliflower",vegetables,Vegetables,"Vegetables, excluding potatoes",Vegetables,"Vegetables, excluding potatoes",True,200.0,6.67,16.7,6.67,30.0,GRM,"Lakeview Farms, LLC",Branded,"CUCUMBER DILL CAULIFLOWER DIPS, CUCUMBER DILL",2549080.0,68.0
image_194.png,/images/image_194.png,beverage in mug,Empty cup ,Decaf Tea,0.8558,0.8388,beverage,beverage,beverages,Beverages,Coffee and Tea,Other,Other,False,228.0,0.2,0.0,13.4,,,,SR Legacy,"Beverages, Orange juice drink",169044.0,65.0
image_195.png,/images/image_195.png,tea,tea,Tea,1.0,0.872,tea,"tea leaves, water",beverages,Beverages,Coffee and Tea,Beverages,Coffee and Tea,True,34.0,0.0,0.0,8.46,473.0,ml,Snapple Beverage Corp.,Branded,TEA,540031.0,100.0
image_196.png,/images/image_196.png,salmon with eggs and beets,"Salmon  ,eggs , beetroot and spinach",Salmon Veg Eggs,0.9614,0.8127,salmon with eggs and beets,"salmon, eggs, beets","protein, seafood, vegetables",Mixed Dishes,"Mixed Dishes - Meat, Poultry, Seafood",Mixed Dishes,"Mixed Dishes - Meat, Poultry, Seafood",True,55.0,10.7,0.0,2.36,,,,Foundation,"Eggs, Grade A, Large, egg white",747997.0,56.0
image_197.png,/images/image_197.png,Lindt chocolate bar,Lindt Chocalate bar,85 Percent Dark Chocolate,0.9939,0.8307,Lindt chocolate bar,chocolate,"dessert, sweets",Snacks and Sweets,Candy,Snacks and Sweets,Candy,True,2190.0,6.62,26.6,64.3,,,,SR Legacy,"Candies, KRACKEL Chocolate Bar",167993.0,62.0
image_198.png,/images/image_198.png,fried plantains,Fried Plantain,Plantain,0.9927,0.8314,fried plantains,"plantains, oil",fruit,Fruit,Fruits,Fruit,Fruits,True,200.0,1.18,1.18,45.9,85.0,GRM,Gracekennedy Foods (USA) LLC,Branded,PLANTAIN FRIES,2632183.0,90.0
image_199.png,/images/image_199.png,cinnamon roll,Cinnamon Bun,Cinnamon Bun,0.9687,0.8426,cinnamon roll,"dough, cinnamon, sugar, butter, icing","baked goods, dessert, grain",Snacks and Sweets,Sweet Bakery Products,Snacks and Sweets,Sweet Bakery Products,True,556.0,2.78,30.6,66.7,36.0,g,Rich Products Corporation,Branded,CINNAMON ROLL,2066251.0,100.0
